{
	"class_name" : "PinholeCameraParameters",
	"extrinsic" : 
	[
		0.99664208968952273,
		0.016709669283013436,
		0.077979258930293921,
		0.0,
		-0.044854475668478971,
		-0.70758939413458122,
		0.77512634399516755,
		0.0,
		0.068502708499789636,
		-0.70642624261893672,
		-0.62697558646359364,
		0.0,
		-3.3615786369147242,
		-7.6834112554398075,
		77.041410474781543,
		1.0
	],
	"intrinsic" : 
	{
		"height" : 1080,
		"intrinsic_matrix" : 
		[
			935.30743608719376,
			0.0,
			0.0,
			0.0,
			935.30743608719376,
			0.0,
			959.5,
			539.5,
			1.0
		],
		"width" : 1920
	},
	"version_major" : 1,
	"version_minor" : 0
}