{
	"class_name" : "PinholeCameraParameters",
	"extrinsic" : 
	[
		0.99998793241477313,
		0.001778979887964607,
		-0.004509763531148952,
		0.0,
		0.0045302963761113587,
		-0.69449561406093807,
		0.69306881370977413,
		0.0,
		-0.00190037879692605,
		-0.71949473749338777,
		-0.72085732395240287,
		0.0,
		-0.93692874026334794,
		-0.81758819537496663,
		66.43000527908859,
		1.0
	],
	"intrinsic" : 
	{
		"height" : 1080,
		"intrinsic_matrix" : 
		[
			935.30743608719376,
			0.0,
			0.0,
			0.0,
			935.30743608719376,
			0.0,
			959.5,
			539.5,
			1.0
		],
		"width" : 1920
	},
	"version_major" : 1,
	"version_minor" : 0
}