{
	"class_name" : "PinholeCameraParameters",
	"extrinsic" : 
	[
		-0.038360077819534932,
		-0.73699842296232954,
		0.67480503034633543,
		0.0,
		-0.99921189342513017,
		0.021395640712936485,
		-0.03343379422454916,
		0.0,
		0.010202767636567377,
		-0.67555573501342014,
		-0.73723832810227119,
		0.0,
		-2.5987497335981731,
		-11.875785934093212,
		41.330787324126071,
		1.0
	],
	"intrinsic" : 
	{
		"height" : 987,
		"intrinsic_matrix" : 
		[
			493.50000000000006,
			0.0,
			0.0,
			0.0,
			493.50000000000006,
			0.0,
			639.5,
			493.0,
			1.0
		],
		"width" : 1280
	},
	"version_major" : 1,
	"version_minor" : 0
}